{"cameraMode":{"drawMode":0,"name":"Shaded","section":"Shading Mode"},"sceneLighting":true,"audioPlay":false,"sceneViewState":{"showFog":true,"showMaterialUpdate":true,"showSkybox":true,"showFlares":true,"showImageEffects":true,"showParticleSystems":true},"in2DMode":false,"pivot":{"x":0.206024169921875,"y":2.286831855773926,"z":-5.788290977478027},"rotation":{"x":-0.05937612056732178,"y":-0.8973691463470459,"z":0.12737396359443665,"w":-0.41830769181251528},"size":27.214916229248048,"orthographic":false}